source,target
"كيف حالك؟","كيف داير؟"
"أنا ذاهب إلى السوق","غادي نمشي للسوق"
"ماذا تفعل؟","شنو كتدير؟"
"أين أنت؟","فينك؟"
"أنا مشغول الآن","أنا مشغول دابا"
"هل لديك وقت؟","واش عندك الوقت؟"
"ليس لدي وقت","ماعنديش الوقت"
"ماذا هناك؟","أش واقع؟ / شنو كاين؟"
"لا شيء","والو"
"أنا أمزح فقط","غير كنضحك"
"لا تقلق","ماتخافش / ما تخممش"
"اهدأ","تهدن / برد"
"هذا صحيح","هادشي بصح"
"هذا خطأ","هادشي ماشي هو هداك"
"أعتقد ذلك","كنظن"
"لا أعتقد ذلك","ماكنظنش"
"دعني أرى","خليني نشوف"
"أحتاج أن أفكر","خاصني نفكر"
"هذا يكفي","باراكا"
"أكثر","كتر"
"أقل","قل"
"هذا لي","هذا ديالي"
"هذا لك","هذا ديالك"
"أنا أعمل","أنا خدام"
"أنا أدرس","كنقرا"
"أنا في البيت","أنا فالدار"
"أنا ذاهب للسوق","أنا غادي للسوق"
"سأشتري الخضار","غادي نشري الخضرة"
"أنا أطبخ العشاء","كنطيب العشا"
"أنا أنظف الغرفة","كنجمع البيت"
"أغسل الملابس","كنصبن الحوايج"
"أغسل الصحون","كنغسل الماعن"
"أنا أشاهد التلفاز","كنتفرج ف التلفزة"
"أنا أستمع للموسيقى","كنسمع الموسيقى"
"أريد أن أستريح","بغيت نرتاح"
"أشعر بالملل","قنطت / فيا القنط"
"أشعر بالنعاس","فيا النعاس"
"أنا غاضب","أنا معصب"
"أنا خائف","أنا خايف"
"الجو حار جداً","الجو سخون بزاف"
"الجو بارد جداً","الجو بارد بزاف"
"إنها تمطر","الشتا كطيح"
"هناك ريح","كاين الريح"
"الشمس مشرقة","الشمس طالعة"
"أغلق الباب","سد الباب"
"افتح النافذة","حل السرجم"
"أشعل الضوء","شعل الضو"
"أطفئ الضوء","طفي الضو"
"ارفع صوت الموسيقى","زيد ف الموسيقى"
"اخفض صوت الموسيقى","نقص من الموسيقى"
"هذا غريب","هادشي غريب"
"هذا طبيعي","هادشي عادي"
"هذا سهل","هادشي ساهل"
"هذا صعب","هادشي صعيب"
"مرة أخرى","مرة خرى / عاوتاني"
"دائماً","ديما"
"أبداً","أبداً / جامي"
"أحياناً","مرة مرة / بعض المرات"
"ربما","يمكن"
"بالتأكيد","أكيد / بيان سير"
"ليس بعد","مازال / باقي"
"لقد وصلت","أنا وصلت"
"أنا قادم","أنا جاي"
"سأعود","غادي نرجع"
"هو ذهب","هو مشا"
"هي جاءت","هي جات"
"نحن هنا","حنا هنا"
"هم هناك","هوما لهيه"
"ما رأيك؟","أش بان ليك؟"
"نفس الشيء","بحال بحال"
"مختلف","مختلف"
"لا يهم","ماشي مهم / ماكيهمش"
"بالصحة والراحة","بصحتك / بالصحة"
"الله يعطيك الصحة","الله يعطيك الصحة"
"مبروك","مبروك"
"الله يبارك فيك","الله يبارك فيك"
"حظ سعيد","حظ سعيد"
"انتبه لنفسك","تهلا ف راسك"
"هل أنت متأكد؟","واش متأكد؟"
"أنا متأكد","أنا متأكد"
"لدي سؤال","عندي سؤال"
"ما هو هذا؟","شنو هادا؟"
"لماذا أنت هنا؟","علاش نتا هنا؟"
"متى سنأكل؟","فوقاش غانكلو؟"
"أين المفاتيح؟","فين السوارث؟"
"نسيت","نسيت"
"تذكرت","تفكرت"
"لا أستطيع","ما نقدرش"
"أنا أستطيع","أنا نقدر"
"هل يمكنك مساعدتي؟","واش تقدر تعاوني؟"
"بالطبع","بطبيعة الحال"
"تفضل (للرجال)","هاك"
"تفضلي (للنساء)","هاكي"
"هذا ليس عدلاً","هادشي ماشي معقول"
"ليس لدي مال","ماعنديش الفلوس"
"لدي مال","عندي الفلوس"
"كم يكلف هذا؟","بشحال هادا؟"
"إنه مجاني","هذا فابور"
"أريد الأفضل","بغيت المزيان"
"أريد الأرخص","بغيت الرخيس"
"فقط انظر","غير كنشوف"
"سأعود لاحقاً","غنرجع من بعد"
"أين محطة القطار؟","فين كاينة لاكار؟"
"أين المطار؟","فين كاين المطار؟"
"أريد سيارة أجرة","بغيت طاكسي"
"خذني إلى هذا العنوان","ديني لهاد العنوان"
"ماذا سنأكل اليوم؟","شنو غانكلو اليوم؟"
"هل الفطور جاهز؟","واش الفطور واجد؟"
"أنا أحضر الغداء","كنوجد الغدا"
"العشاء كان لذيذاً جداً","العشا كان بنين بزاف"
"أريد أن أشرب الشاي","بغيت نشرب أتاي"
"هل تحب القهوة؟","واش كتعجبك القهوة؟"
"أريد قهوة بدون سكر","بغيت قهوة بلا سكر"
"أعطني الخبز من فضلك","عطيني الخبز عافاك"
"أنا نباتي","أنا نباتي / ماكناكلش اللحم"
"لدي حساسية من...","عندي الحساسية من..."
"أين هو أقرب مطعم؟","فين كاين أقرب ريسطورة؟"
"أريد حجز طاولة","بغيت نحجز طبلة"
"طاولة لشخصين","طبلة ديال جوج د الناس"
"الحساب من فضلك","الحساب عافاك"
"هل هذا حار (بهارات)؟","واش هادا حار؟"
"أحبه حاراً","كيعجبني حار"
"لا أحب البهارات","مكنبغيش الحار"
"ما هو طبق اليوم؟","شنو هو طبق اليوم؟"
"أريد المزيد من الماء","بغيت نزيد الما"
"هل هذا طازج؟","واش هادا طري؟"
"سأذهب لشراء البقالة","غانمشي نتقدى"
"أحتاج جزر وبطاطس","خاصني خيزو و بطاطا"
"الفاكهة غالية","الديسير غالي"
"أنا أطبخ طاجين","كنطيب الطاجين"
"ماذا تشرب؟","شنو كتشرب؟"
"عصير برتقال","عصير الليمون"
"أنا شبعت","شبعت"
"لم أشبع بعد","مازال ماشبعتش"
"الطعام مالح جداً","الماكلة مالحة بزاف"
"الطعام ناقص ملح","الماكلة مسوسة"
"هل لديك قائمة الطعام؟","واش عندكم المينو؟"
"أريد الدفع","بغيت نخلص"
"هل تقبلون البطاقة الائتمانية؟","واش كتقبلو الكارطة؟"
"احتفظ بالباقي","خلي عندك الصرف"
"هل لديكم خدمة توصيل؟","واش عندكم الليفريزون؟"
"أريد أن أطلب","بغيت نكوموندي"
"ما هذا؟ (في القائمة)","شنو هادي؟"
"أريد هذا","بغيت هادي"
"كأس ماء","كاس د الما"
"ملعقة وشوكة","معلقة و فرشيطة"
"سكين","موس"
"طبق","طبسيل"
"الفاتورة","الورقة / الفاتورة"
"السلام عليكم","السلام عليكم"
"وعليكم السلام","وعليكم السلام"
"مع السلامة","بسلامة"
"كيف حالك؟","لاباس؟ / كيداير؟"
"بخير، شكراً لك","بخير، شكراً"
"ما اسمك؟","شنو سميتك؟"
"اسمي...","سميتي..."
"تشرفت بمعرفتك","متشرفين"
"من فضلك","عافاك"
"شكراً","شكراً"
"العفو / لا شكر على واجب","العفو / بلا جميل"
"آسف / أعتذر","سمح ليا"
"لا بأس / لا مشكلة","ماشي مشكل"
"هل تتحدث العربية؟","واش كتهضر بالعربية؟"
"لا أفهم","مافهمتش"
"هل يمكنك التحدث ببطء؟","واش يمكن تهضر بشوية؟"
"أريد...","بغيت..."
"لا أريد...","مابغيتش..."
"أين؟","فين؟"
"متى؟","إيمتى؟ / فوقاش؟"
"لماذا؟","علاش؟"
"كيف؟","كيفاش؟"
"من؟","شكون؟"
"ماذا؟","شنو؟ / آش؟"
"كم؟ (للكمية)","شحال؟"
"كم؟ (للسعر)","بشحال؟"
"أين الحمام؟","فين كاين بيت الما؟"
"أحتاج مساعدة","خاصني المساعدة / عاوني"
"اتصل بالشرطة","عيط للبوليس"
"اتصل بالإسعاف","عيط لوبيلونص"
"أنا مريض","أنا مريض"
"أحتاج طبيباً","خاصني طبيب"
"أين المستشفى؟","فين كاين السبيطار؟"
"أنا تائه","أنا تلف"
"أضعت محفظتي","وضرت البزطام ديالي"
"أضعت هاتفي","مشا ليا تيليفوني"
"اليوم","اليوم"
"غداً","غدا"
"أمس","البارح"
"الآن","دابا"
"لاحقاً","من بعد"
"قريباً","قريب"
"باكراً","بكري"
"متأخراً","معطل"
"كم الساعة؟","شحال هادي فالساعة؟"
"إنها الساعة الواحدة","هادي الوحدة"
"إنها الساعة الثانية","هادي الجوج"
"دقيقة","دقيقة"
"ساعة","ساعة / مكانة"
"يوم","نهار"
"أسبوع","سيمانا"
"شهر","شهر"
"سنة","عام"
"أنا جائع","فيا الجوع"
"أنا عطشان","فيا العطش"
"أنا متعب","أنا عيان"
"أنا نعسان","فيا النعاس"
"أنا سعيد","أنا فرحان"
"أنا حزين","أنا مقلق"
"أنا غاضب","أنا معصب"
"أنا خائف","أنا خايف"
"أنا أشعر بالبرد","فيا البرد / كنحس بالبرد"
"أنا أشعر بالحر","فيا الصهد / كنحس بالسخونية"
"أنا مشغول","أنا مشغول"
"أنا مستعجل","أنا زربان"
"أنا أمزح","غير كنضحك"
"هذا صحيح","بص R / هادشي كاين"
"هذا خطأ","هذا ماشي هو هداك"
"أنا لا أعرف","ماعرفتش"
"أنا أعرف","عارف / عارفة"
"أنا لا أتذكر","ما عقلتش"
"أعتقد ذلك","كنظن"
"لا أعتقد ذلك","ما كنظنش"
"ما رأيك؟","أش بان ليك؟"
"أنا موافق","متافق"
"أنا لست موافقاً","ما متافقش"
"هذا جيد","هذا مزيان"
"هذا سيء","هذا خايب"
"هذا رائع","هذا واعر"
"هذا جميل","هذا زوين"
"هذا قبيح","هذا خايب"
"هذا كثير","هذا بزاف"
"هذا قليل","هذا شوية"
"هذا غالٍ جداً","هذا غالي بزاف"
"هذا رخيص","هذا رخيص"
"هل يمكنك خفض السعر؟","واش يمكن تنقص ليا؟"
"آخر ثمن؟","أخير ثمن؟"
"أريد أن أشتري هذا","بغيت نشري هادا"
"أنا فقط ألقي نظرة","غير كنشوف"
"أين محطة الحافلات؟","فين كاينة المحطة د الكيران؟"
"أين محطة القطار؟","فين كاينة لاكار (د التران)؟"
"أين المطار؟","فين كاين المطار؟"
"أريد سيارة أجرة","بغيت طاكسي"
"خذني إلى هذا العنوان","ديني لهاد العنوان"
"كم يكلف للوصول إلى...؟","بشحال كتمشي ل...؟"
"توقف هنا","وقف هنا"
"إلى اليمين","على ليمن"
"إلى اليسار","على ليسر"
"مباشرة / إلى الأمام","نيشان"
"هنا","هنا"
"هناك","لهيه"
"بعيد","بعيد"
"قريب","قريب"
"ما هو عملك؟","أش كدير ف حياتك؟ / شنو خدمتك؟"
"أنا أعمل ك...","أنا خدام..."
"أنا طالب","أنا طالب"
"أنا عاطل عن العمل","أنا ما خدامش / شومور"
"أين مكتبك؟","فين كاين البيرو ديالك؟"
"لدي اجتماع","عندي اجتماع"
"أرسل لي بريداً إلكترونياً","صيفط ليا إيميل"
"ما هو رقم هاتفك؟","شنو نمرتك د التليفون؟"
"هاتفي لا يعمل","تيليفوني ما خدامش"
"الإنترنت بطيء","الكونيكسيون تقيلة"
"أحتاج شاحناً","خاصني شارجور"
"أبي","بابا"
"أمي","ماما"
"أخي","خويا"
"أختي","ختي"
"صديقي","صاحبي"
"زوجي","راجلي"
"زوجتي","مراتي"
"ابني","ولدي"
"ابنتي","بنتي"
"هل أنت متزوج؟","واش مزوج؟"
"أغلق الباب","سد الباب"
"افتح النافذة","حل السرجم"
"أشعل الضوء","شعل الضو"
"أطفئ الضوء","طفي الضو"
"أنا أنظف المنزل","كنجمع الدار / كنخمل"
"أنا أطبخ","كنطيب"
"أنا أغسل الملابس","كنصبن الحوايج"
"استيقظ","فيق"
"اذهب للنوم","سير تنعس"
"ماذا قلت؟","شنو قلتي؟"
"لم أسمعك","ما سمعتكش"
"قلها مرة أخرى","عودها عافاك"
"مبروك","مبروك"
"حظ سعيد","بون شونص / حظ سعيد"
"عيد ميلاد سعيد","عيد ميلاد سعيد"
"سنة جديدة سعيدة","سنة سعيدة"
"بالصحة والراحة (بعد الأكل أو الاستحمام)","بصحتك"
"الرد على 'بالصحة'","الله يعطيك الصحة"
"ماذا يحدث؟","شنو واقع؟"
"لا تقلق","ماتخافش / ماتخممش"
"اهدأ","تهدن"
"انتبه","رد بالك / حضي راسك"
"بالطبع","أكيد / بطبيعة الحال"
"مستحيل","مستحيل / مايمكنش"
"هل هذا ممكن؟","واش ممكن؟"
"هذا عاجل","هادشي ضروري / مستعجل"
"توقف هنا من فضلك","وقف هنا عافاك"
"أنا أذهب","أنا كنمشي"
"أنا آتي","أنا كنجي"
"أنا أرى","أنا كنشوف"
"أنا أسمع","أنا كنسمع"
"أنا آكل","أنا كناكل"
"أنا أشرب","أنا كنشرب"
"أنا أقول","أنا كنقول"
"أنا أفعل","أنا كندير"
"أنا أقرأ","أنا كنقرا"
"أنا أكتب","أنا كنكتب"
"أنا أتعلم","أنا كنتعلم"
"أنا ألعب","أنا كنلعب"
"أنا أضحك","أنا كنضحك"
"أنا أبكي","أنا كنبكي"
"أنا أفتح","أنا كنحل"
"أنا أغلق","أنا كنسد"
"أنا أجلس","أنا كنجلس"
"أنا أقف","أنا كنوقف"
"أنا أشتري","أنا كنشري"
"أنا أبيع","أنا كنبيع"
"أنا أنام","أنا كنعس"
"أنا أستيقظ","أنا كنفيق"
"أنا أتحدث","أنا كنهضر"
"أنا أفكر","أنا كنفكر"
"أنا أستطيع","أنا نقدر"
"أنا لا أستطيع","أنا ما نقدرش"
"أين كنت؟","فين كنتي؟"
"لم أرك","ما شفتكش"
"ساخن","سخون"
"بارد","بارد"
"كبير","كبير"
"صغير","صغير"
"طويل","طويل"
"قصير","قصير"
"واسع","واسع"
"ضيق","ضيق"
"جديد","جديد"
"قديم","قديم"
"جيد","مزيان"
"سيئ","خايب"
"سهل","ساهل"
"صعب","صعيب"
"جداً","بزاف"
"قليلاً","شوية"
"في الداخل","لداخل"
"في الخارج","لبرا"
"تحت","تحت"
"فوق","فوق"
"اليمين","ليمن"
"اليسار","ليسر"
"أمام","قدام"
"خلف","ورا"
"أريد أن أدفع","بغيت نخلص"
"كم ثمن هذه التفاحة؟","بشحال هادي التفاحة؟"
"هل يمكنني الدخول؟","واش ممكن ندخل؟"
"هل يمكنني الخروج؟","واش ممكن نخرج؟"
"ماذا تفعل؟","آش كدير؟"
"دعني وشأني","خليني عليك"
"هيا بنا","يالاه"
"تعال إلى هنا","أجي لهنا"
"انظر إلى هذا","شوف هادا"
"إلى حد ما","شويا"
"كل صباح","كل صباح"
"كل مساء","كل عشية"
"في نهاية الأسبوع","ف الويكاند"
"أنا أحتاج","خاصني"
"هذه فكرة جيدة","هادي فكرة مزيانة"
"أنا أحاول","كنحاول"
"الأرقام","النوامر"
"واحد","واحد"
"اثنان","جوج"
"ثلاثة","تلاتة"
"أربعة","ربعة"
"خمسة","خمسة"
"ستة","ستة"
"سبعة","سبعة"
"ثمانية","تمنية"
"تسعة","تسعة"
"عشرة","عشرة"
"أحد عشر","حداش"
"اثنا عشر","طناش"
"عشرون","عشرين"
"الأول","اللول"
"الثاني","التاني"
"الثالث","التالت"
"اللون الأحمر","اللون الأحمر / حمر"
"اللون الأزرق","اللون الأزرق / زرق"
"اللون الأصفر","اللون الأصفر / صفر"
"اللون الأخضر","اللون الأخضر / خضر"
"اللون الأسود","اللون الكحل / كحل"
"اللون الأبيض","اللون الأبيض / بيض"
"اللون البني","اللون القهوي / قهوي"
"اللون الرمادي","اللون الرمادي / رمادي"
"الماء","الما"
"التراب / الأرض","التراب / الأرض"
"السماء","السما"
"الجو غائم","الجو مغيم"
"الجو مشمس","الجو فيه الشمش"
"الجو ممطر","الجو فيه الشتا"
"درجة الحرارة","درجة الحرارة"
"كم ثمن الغرفة؟","بشحال البيت؟"
"هل يمكنني دفع الإيجار؟","واش ممكن نخلص الكرا؟"
"أنا أدرس اللغة العربية","كنقرا اللغة العربية"
"لدي واجب منزلي","عندي التمارين د الدار"
"هل لديك قلم؟","واش عندك ستيلو؟"
"أحتاج ورقة","خاصني ورقة"
"الكتاب على الطاولة","الكتاب فوق الطبلة"
"أريد أن أستعيره","بغيت نتسلفو"
"من هذا الرجل؟","شكون هاد السيد؟"
"من هذه السيدة؟","شكون هاد السيدة؟"
"أنا أعرف هذا الشخص","أنا كنعرف هاد الشخص"
"أنا لا أعرف هذا الشخص","أنا ما كنعرفش هاد الشخص"
"تعال معي","أجي معايا"
"اتركني","خليني"
"أنا آسف للتأخير","سمح ليا على التعطيلة"
"لقد نسيت","نسيت"
"أريد أن أتذكر","بغيت نتفكر"
"هاتفي يرن","تيليفوني كيصوني"
"أنا أجيب على الهاتف","كنشد التليفون"
"لدي رسالة","عندي ميساج"
"سأرسل رسالة نصية","غنصيفط ميساج"
"ما هي وظيفتك؟","أشنو خدمتك؟"
"أنا أبحث عن عمل","كنقلب على خدمة"
"أنا متأخر","أنا تعطلت"
"صديقي المقرب","صاحبي العزيز"
"صديقتي المقربة","صاحبتي العزيزة"
"أنا أحبك كثيراً","كنبغيك بزاف"
"أنا أحترمك","أنا كنحترمك"
"هل أنت متزوج؟ (مذكر)","واش نتا مزوج؟"
"هل أنت متزوجة؟ (مؤنث)","واش نتي مزوجة؟"
"أنا عازب","أنا عازب / ما مزوجش"
"أنا أواعد شخصاً","كنخرج مع شي حد"
"هل لديك إخوة؟","واش عندك خوت؟"
"أنا الابن الأصغر","أنا أصغر واحد في الخوت"
"أنا أزور أصدقائي","كنزور صحابي"
"هذا شرف لي","هذا شرف ليا"
"كل عام وأنت بخير","كل عام و نتا بخير"
"أنا مدعو لحفلة","أنا معروض لحفلة"
"نحن جيران","حنا جيران"
"يجب أن نلتقي قريباً","خاصنا نتلاقاو قريب"
"ما هي خططك؟","شنو هما الخطط ديالك؟"
"لا أعرف ماذا أفعل","ما عرفتش آش ندير"
"القرار لك","القرار ديالك"
"إنه سر","هذا سر"
"رأس","راس"
"بطن","كرش"
"يد","يد / ايد"
"قدم","رجل"
"أصبع","صبع"
"عين","عين"
"فم","فم"
"أذن","ودن"
"لدي صداع","كضرني راسي"
"لدي حمى","فيا السخانة / الحرارة"
"أنا متوعك","أنا مافياش / ما عنديش الخاطر"
"أشعر بألم في...","كضرني..."
"تناول الدواء","شرب الدوا"
"هل أنت بخير؟","واش لاباس عليك؟"
"أنا أتعافى","أنا كنتعافى"
"التهاب","التهاب"
"عطسة","عطسة"
"سعال","كحة"
"مطبخ","كوزينة"
"غرفة نوم","بيت النعاس"
"طاولة","طبلة"
"كرسي","كرسي"
"سرير","ناموسية"
"خزانة","بلاكار / ماريو"
"مرآة","مراية"
"تلفاز","تلفزة"
"ثلاجة","تلاجة"
"سجادة","زربية"
"جدار","حائط"
"أرضية","أرض"
"الكهرباء مقطوعة","الضو مقطوع"
"الماء مقطوع","الما مقطوع"
"أنا أكنس الأرض","كنشطب الأرض"
"أنا أرتب الأثاث","كنقاد الموبيليا"
"أحتاج مفتاحاً","خاصني ساروت"
"هذه رائحة جيدة","هادي ريحة زوينة"
"هذه رائحة سيئة","هادي ريحة خايبة"
"الباب مغلق","الباب مسدود"
"في الصباح","ف الصباح"
"في الظهيرة","ف الظهر"
"في المساء","ف العشية / ف المساء"
"في الليل","ف الليل"
"قبل","قبل"
"بعد","من بعد"
"في الوقت المحدد","ف الوقت"
"في كل مرة","ف كل مرة"
"عادةً","عادة / غالباً"
"نادراً","نادراً"
"منذ متى؟","شحال هادي؟"
"إلى الأبد","ديما / للأبد"
"مستقبلاً","ف المستقبل"
"الأسبوع القادم","السيمانة الجاية"
"الشهر الماضي","الشهر اللي فات"
"هذا العام","هاد العام"
"العام القادم","العام الجاي"
"سأذهب في إجازة","غادي نمشي ف كونجي"
"أنا عائد","أنا راجع"
"الانتظار ممل","التسنا ممل"
"أين يمكنني أن أجد...؟","فين يمكن ليا نلقى...؟"
"هذا بجانبي","هذا حدايا"
"هذا أمامي","هذا قدامي"
"هذا خلفي","هذا ورايا"
"هذا بالداخل","هذا لداخل"
"هذا بالخارج","هذا لبرا"
"الجو حار جداً","الجو سخون بزاف"
"الجو مثلج","كاين الثلج"
"الضباب كثيف","الضباب بزاف"
"هناك عاصفة","كاين العاصفة"
"الشمس ساطعة","الشمش ساطعة"
"لا يوجد سحب","ما كاينش السحاب"
"أنا أحتاج نظارات","خاصني نضاضر"
"هذه فكرة ممتازة","هادي فكرة ممتازة"
"أنا أثق بك","أنا كنتيق فيك"
"لا تثق بي","ما تتيقش فيا"
"النجاح","النجاح"
"الفشل","الفشل"
"القانون","القانون"
"الشرطة","البوليس"
"الجريمة","الجريمة"
"العدالة","العدالة"
"أنا جاد","أنا جاد"
"هل تمزح؟","واش كضحك؟"
"توقف عن المزاح","حبس الضحك"
"ماذا تعني؟","شنو كتقصد؟"
"هذه غلطتي","هادي غلطتي"
"هذه مسؤوليتك","هادي مسؤوليتك"
"أنا أعرف الطريق","أنا عارف الطريق"
"أنا ضائع","أنا تالف"
"أنا أسوق سيارة","كنسوق الطوموبيل"
"أنا أركب دراجة","كنركب على البيكالا"
"انطلق / ابدأ","سير / بدأ"
"توقف","وقف"
"خطر!","خطر!"
"الاحتياط واجب","الحذر واجب"
"أنا سعيد برؤيتك","فرحت مني شفتك"
"كيف كانت رحلتك؟","كيفاش كانت رحلتك؟"
"رحلة جيدة","رحلة زوينة"
"رحلة متعبة","رحلة معيية"
"هذا مبنى قديم","هذا مبنى قديم"
"هذا مبنى جديد","هذا مبنى جديد"
"المال","الفلوس"
"كم معك؟","شحال عندك؟"
"صراف آلي","كاشي"
"أين يمكنني صرف العملات؟","فين يمكن ليا نصرف العملة؟"
"أنا مسافر","أنا مسافر"
"التاريخ القديم","التاريخ القديم"
"الحضارة الأمازيغية","الحضارة الأمازيغية"
"المدينة القديمة","المدينة القديمة / البالِيَة"
"أسوار المدينة","صور المدينة"
"مسجد","جامع / مسجد"
"قصر / قصبة","قصبة"
"الضريح","الضريح"
"متحف","متحف"
"آثار تاريخية","آثار تاريخية"
"الصحراء الكبرى","الصحرا الكبيرة"
"سلسلة جبال الأطلس","سلسلة جبال الأطلس"
"ميناء","ميناء / بور"
"موسيقى تقليدية","موسيقى تقليدية"
"فلكلور","فلكلور"
"طبق الكسكس","طبق الكسكسو"
"شاي النعناع","أتاي بالنعناع"
"الحناء","الحناء"
"زي تقليدي","لباس تقليدي"
"الجلابة","الجلابة"
"البلغة (حذاء)","البلغة"
"الصناعة اليدوية","الصناعة التقليدية"
"السجاد","الزربية"
"الفخار","الفخار"
"سوق تقليدي (السوق)","سوق / جامع الفنا"
"بائع متجول","بائع متجول / فْرّاح"
"الضيافة المغربية","الضيافة المغربية"
"صاحب البيت","مول الدار"
"أين يمكنني شراء الهدايا؟","فين يمكن ليا نشري الكادوات؟"
"هذا تقليدي","هذا تقليدي"
"هذا عصري","هذا عصري / موديرن"
"إن شاء الله (إذا أراد الله)","إن شاء الله"
"الحمد لله (الشكر لله)","الحمد لله"
"الصلاة","الصلاة"
"صوم رمضان","صوم رمضان"
"العيد الكبير (الأضحى)","العيد الكبير"
"الجمعة مباركة","جمعة مباركة"
"الله يرحم الوالدين (دعاء برحمة الوالدين)","الله يرحم الوالدين"
"الله يشافي (دعاء بالشفاء)","الله يشافي"
"توكلت على الله","توكلت على الله"
"أين القبلة؟","فين القبلة؟"
"وقت الصلاة","وقت الصلاة"
"الشروق","الشروق / طلوع الشمس"
"الغروب","الغروب / نزول الشمس"
"ما هي عاداتكم؟","شنو هما العادات ديالكم؟"
"نحن نحتفل بـ...","كنحتفلو بـ..."
"هل لديك وصفة؟","واش عندك شي وصفة؟"
"هذا لذيذ (جداً)","هذا بنين (بزاف)"
"أريد أن أتعلم الطبخ","بغيت نتعلم نطيب"
"حاسوب محمول","حاسوب محمول / بيسي بورتابل"
"هاتف ذكي","تيليفون ذكي"
"شبكة الإنترنت","الكونيكسيون / الويب"
"كلمة مرور","مود باس"
"هل لديك شاحن؟","واش عندك شارجور؟"
"التقط صورة","صور / خذ صورة"
"إشارة ضعيفة","ريزو ضعيف"
"أرسل لي الموقع","صيفط ليا الموقع / لوكاليزاسيون"
"الذاكرة ممتلئة","الميموار عامرة"
"أنا أتصفح الإنترنت","كنتصفح فالإنترنت"
"أحتاج أن أبحث","خاصني نقلب"
"تطبيق","أبليكاسيون"
"فيديو","فيديو"
"برنامج","بروغرام"
"أنا أتصل بك","كنعيط ليك"
"الخط مشغول","الخط مشغول"
"أرسل لي رسالة صوتية","صيفط ليا أوديو"
"مدرسة","مدرسة / ليكول"
"جامعة","جامعة / فاك"
"أستاذ","أستاذ / معلم"
"طالب","طالب / تلميذ"
"امتحان","امتحان / إكزامان"
"مكتبة","مكتبة"
"أنا أراجع دروسي","كنراجع دروسي"
"هل فهمت الدرس؟","واش فهمتي الدرس؟"
"سأنجح في الامتحان","غادي ننجح ف الإكزامان"
"أنا أتعلم بسرعة","كنتعلم بالزربة"
"أنا أقرأ كتاباً","كنقرا كتاب"
"واجب منزلي","تمارين د الدار"
"أنا محبط","أنا محبط / أنا مقنط"
"أنا قلق","أنا مقلق"
"أنا متفائل","أنا متفائل"
"أنا متشائم","أنا متشائم"
"أنا فخور بك","أنا فخور بيك"
"أنا ممتن","أنا ممتن / أنا شاكر"
"أشعر بالندم","كنحس بالندم"
"أنا آسف جداً","أنا آسف بزاف"
"حدث خطأ","وقع خطأ"
"أحتاج إصلاحاً","خاصني تصليح"
"السيارة معطلة","الطوموبيل خاسرة"
"أحتاج سباكاً","خاصني بلمبي"
"المصباح لا يعمل","البولة ماخداماش"
"هل لديك مفتاح احتياطي؟","واش عندك ساروت آخر؟"
"أين أوقفت سيارتي؟","فين حطيت الطوموبيل ديالي؟"
"أنا في انتظارك","كنتسناك"
"هل وصلت؟","واش وصلتي؟"
"الموعد قد تأجل","الموعد تأجل"
"تم إلغاء الاجتماع","الإجتماع تلغى"
"هل يمكننا إعادة الجدولة؟","واش يمكن لينا نعاودو لبروغرام؟"
"اللقاء غداً","التلاقاو غدا"
"بسهولة","بسهولة / بساحل"
"بصعوبة","بصعوبة"
"بطريقة جيدة","مزيان / بطريقة مزيانة"
"بطريقة سيئة","خايب / بطريقة خايبة"
"بشكل مختلف","بطريقة مختلفة"
"في الواقع","ف الحقيقة"
"على أي حال","على أي حال"
"هناك الكثير","كاين بزاف"
"هناك القليل","كاين غير شوية"
"تقريباً","تقريباً"
"تماماً","تماما"
"بشكل عادل","بالعدل"
"بشكل غير عادل","ماشي بالعدل"
"بهدوء","بالهدوء / بشوية"
"بصوت عالٍ","بصوت مجهد"
"الجو دافئ","الجو دافي"
"الجو عاصف","الجو فيه العاصفة"
"الجو غائم جزئياً","الجو مغيم شوية"
"ستشرق الشمس","غادي تطلع الشمش"
"الشمس غربت","الشمش نزلات"
"لدي مشكلة في الأسنان","عندي مشكل ف سناني"
"أحتاج طبيب أسنان","خاصني طبيب الأسنان"
"أنا بحاجة إلى راحة","خاصني نرتاح"
"جسدي يؤلمني","جسدي كضرني"
"أريد أن أذهب للتسوق","بغيت نمشي نتقدى"
"هل يمكنني تجربة هذا؟","واش ممكن نقيس هادا؟"
"أين هي غرفة القياس؟","فين بيت القياس؟"
"أريد هذا الحجم","بغيت هاد القياس"
"أنا أحب اللون الأزرق","كنبغي اللون الأزرق"
"لا يوجد في مقاسي","ما كاينش ف قياسي"
"أريد أن أدفع نقداً","بغيت نخلص كاش"
"هل تقبلون الشيكات؟","واش كتقبلو الشيكات؟"
"البائع","البائع"
"الزبون","الزبون"
"تخفيضات","تخفيضات / صولد"
"هل لديك إيصال؟","واش عندك الوصل؟"
"أريد استرداد المال","بغيت نرجع الفلوس"
"هذا معيب","هذا فيه ديفو"
"هذا مكسور","هذا مهرس"
"أنا أتعرق","كنعرق"
"أنا أتثاءب","كنتاتأب"
"أنا أبتسم","كنبتسم"
"أنا أصرخ","كنغوت"
"لدي شك","عندي شك"
"هذا مؤكد","هذا مؤكد"
"هذا ممكن","هذا ممكن"
"هذا مستحيل","هذا مستحيل"
"أتمنى لك يوماً سعيداً","كنتمنى لك نهار زوين"
"أتمنى لك ليلة سعيدة","كنتمنى لك ليلة سعيدة"
"لا تكن وقحاً","ما تكونش قبيح"
"كن لطيفاً","كون لطيف"
"سأنتقم","غادي ننتقم"
"سامحني","سمح ليا"
"هذا درس لي","هذا درس ليا"
"أنا أتوب","أنا كنتوب"
"أنا أدعو الله","كنطلب الله"
"صلاة العشاء","صلاة العشا"
"صلاة الفجر","صلاة الفجر"
"صيام مقبول","صيام مقبول"
"إفطار شهي","فطور شهي"
"هذا حلال","هذا حلال"
"هذا حرام","هذا حرام"
"أين القاضي؟","فين القاضي؟"
"أين المحكمة؟","فين المحكمة؟"
"لقد حدث للتو","عاد دابا وقع"
"ما زال لم يحدث","مازال ما وقعش"
"سأفعلها لاحقاً","غادي نديرها من بعد"
"هل يمكنك الانتظار؟","واش يمكن ليك تسنا؟"
"الموضوع انتهى","الموضوع سالا"
"فلنتحدث لاحقاً","نهضرو من بعد"
"لا تبتعد","ما تمشيش بعيد"
"أنا أعتني بـ...","كنتهلا فـ..."
"هل أنت مستعد؟","واش نتا مستعد؟"
"أنا مستعد","أنا مستعد"
"أنا لست مستعداً","أنا ما مستعدش"
"لقد بدأت","أنا بديت"
"لقد أنهيت","أنا ساليت"
"الكلمة الأخيرة","الكلمة الأخيرة"
"إلى أين أنت ذاهب؟","فين غادي؟"